Accuracy :,0.82
AUC :,0.8189102564102564
Sensitivity :,0.7916666666666666
Specificity :,0.8461538461538461
F1 :,0.8085106382978724
MCC :,0.63935928589601
